Proband,Links / mV,Rechts / mV,Global / mV
1 - Rechtshaender,17.160193029550776,18.190930734691467,17.675561882121123
2 - Linkshaender,30.315316772953754,34.8265232303682,32.57092000166098

